restaurant,city,totalScore,total_reviews,historical_stars_avg,window_size,recent_sentiment,sentiment_gap,significant,direction,positive_ratio,negative_ratio,recent_stars_avg
7-Eleven,Virginia Beach,2.6,25,2.64,1,0.9999369881991814,0.4799369881991814,True,improving,1.0,0.0,5.0
7-Eleven,Virginia Beach,2.6,25,2.64,3,-0.33322910441013304,-0.853229104410133,True,declining,0.3333333333333333,0.6666666666666666,2.3333333333333335
7-Eleven,Virginia Beach,2.6,25,2.64,5,-0.19991244271195227,-0.7199124427119523,True,declining,0.4,0.6,2.6
7-Eleven,Virginia Beach,2.6,25,2.64,7,-0.14277603071810044,-0.6627760307181004,True,declining,0.42857142857142855,0.5714285714285714,2.7142857142857144
7-Eleven,Virginia Beach,2.6,25,2.64,10,0.2000381034811404,-0.31996189651885965,True,declining,0.6,0.4,3.1
Ashley's On Greenwich,Virginia Beach,3.3,91,3.340659340659341,1,0.9999421535124785,0.3399421535124786,True,improving,1.0,0.0,5.0
Ashley's On Greenwich,Virginia Beach,3.3,91,3.340659340659341,3,0.9999424786172452,0.33994247861724525,True,improving,1.0,0.0,4.666666666666667
Ashley's On Greenwich,Virginia Beach,3.3,91,3.340659340659341,5,0.20003212092181427,-0.45996787907818565,True,declining,0.6,0.4,3.2
Ashley's On Greenwich,Virginia Beach,3.3,91,3.340659340659341,7,0.14291585532792114,-0.5170841446720787,True,declining,0.5714285714285714,0.42857142857142855,3.142857142857143
Ashley's On Greenwich,Virginia Beach,3.3,91,3.340659340659341,10,-0.09991487531761738,-0.7599148753176173,True,declining,0.4,0.5,2.7
Big Apple Pizzeria,Virginia Beach,4.0,150,4.133333333333334,1,4.414394466931314e-05,-0.7999558560553307,True,declining,0.0,0.0,3.0
Big Apple Pizzeria,Virginia Beach,4.0,150,4.133333333333334,3,0.6666467931226804,-0.13335320687731966,False,declining,0.6666666666666666,0.0,4.333333333333333
Big Apple Pizzeria,Virginia Beach,4.0,150,4.133333333333334,5,0.799967632039363,-3.236796063699199e-05,False,stable,0.8,0.0,4.6
Big Apple Pizzeria,Virginia Beach,4.0,150,4.133333333333334,7,0.8571050713397563,0.057105071339756286,False,stable,0.8571428571428571,0.0,4.714285714285714
Big Apple Pizzeria,Virginia Beach,4.0,150,4.133333333333334,10,0.8999581697139121,0.09995816971391203,False,stable,0.9,0.0,4.8
Biryani Hub,Norfolk,4.7,150,4.966666666666667,1,0.9999486830892224,0.0599486830892223,False,stable,1.0,0.0,5.0
Biryani Hub,Norfolk,4.7,150,4.966666666666667,3,0.9998456660895751,0.05984566608957509,False,stable,1.0,0.0,4.333333333333333
Biryani Hub,Norfolk,4.7,150,4.966666666666667,5,0.9998869383422934,0.059886938342293305,False,stable,1.0,0.0,4.6
Biryani Hub,Norfolk,4.7,150,4.966666666666667,7,0.9999046294797366,0.059904629479736515,False,stable,1.0,0.0,4.714285714285714
Biryani Hub,Norfolk,4.7,150,4.966666666666667,10,0.9999179602381579,0.059917960238157875,False,stable,1.0,0.0,4.8
Bodacious Pizza & Grill,Virginia Beach,4.6,150,4.5,1,0.9999490649083981,0.07994906490839815,False,stable,1.0,0.0,5.0
Bodacious Pizza & Grill,Virginia Beach,4.6,150,4.5,3,0.9999364810121731,0.07993648101217321,False,stable,1.0,0.0,4.666666666666667
Bodacious Pizza & Grill,Virginia Beach,4.6,150,4.5,5,0.9999413325236098,0.07994133252360991,False,stable,1.0,0.0,4.8
Bodacious Pizza & Grill,Virginia Beach,4.6,150,4.5,7,0.9999434793754355,0.07994347937543556,False,stable,1.0,0.0,4.857142857142857
Bodacious Pizza & Grill,Virginia Beach,4.6,150,4.5,10,0.5999893775182077,-0.32001062248179224,True,declining,0.8,0.2,4.1
Boil Bay Seafood City,Norfolk,4.2,150,4.046666666666667,1,0.9999484087991841,0.15994840879918404,False,improving,1.0,0.0,5.0
Boil Bay Seafood City,Norfolk,4.2,150,4.046666666666667,3,0.9999391927034732,0.15993919270347312,False,improving,1.0,0.0,4.333333333333333
Boil Bay Seafood City,Norfolk,4.2,150,4.046666666666667,5,0.9999390653291677,0.15993906532916757,False,improving,1.0,0.0,4.4
Boil Bay Seafood City,Norfolk,4.2,150,4.046666666666667,7,0.9999417740763874,0.15994177407638732,False,improving,1.0,0.0,4.571428571428571
Boil Bay Seafood City,Norfolk,4.2,150,4.046666666666667,10,0.7999657131626675,-0.04003428683733257,False,stable,0.9,0.1,4.4
Boss Queens Soul Cafe,Norfolk,4.1,150,4.026666666666666,1,0.9999486560922569,0.17994865609225696,False,improving,1.0,0.0,5.0
Boss Queens Soul Cafe,Norfolk,4.1,150,4.026666666666666,3,0.33335453557181105,-0.4866454644281889,True,declining,0.6666666666666666,0.3333333333333333,4.0
Boss Queens Soul Cafe,Norfolk,4.1,150,4.026666666666666,5,0.20003567273076933,-0.6199643272692306,True,declining,0.6,0.4,3.6
Boss Queens Soul Cafe,Norfolk,4.1,150,4.026666666666666,7,0.4285822079346076,-0.39141779206539234,True,declining,0.7142857142857143,0.2857142857142857,4.0
Boss Queens Soul Cafe,Norfolk,4.1,150,4.026666666666666,10,0.599992022570835,-0.220007977429165,True,declining,0.8,0.2,4.3
Boulevard Stop Mart - Krispy Krunchy Chicken,Virginia Beach,4.3,116,4.301724137931035,1,0.9999484087991841,0.13994840879918413,False,improving,1.0,0.0,5.0
Boulevard Stop Mart - Krispy Krunchy Chicken,Virginia Beach,4.3,116,4.301724137931035,3,0.9999435188842076,0.13994351888420764,False,improving,1.0,0.0,4.666666666666667
Boulevard Stop Mart - Krispy Krunchy Chicken,Virginia Beach,4.3,116,4.301724137931035,5,0.799964629588613,-0.06003537041138696,False,stable,0.8,0.0,4.4
Boulevard Stop Mart - Krispy Krunchy Chicken,Virginia Beach,4.3,116,4.301724137931035,7,0.5714194760822215,-0.28858052391777844,True,declining,0.7142857142857143,0.14285714285714285,4.0
Boulevard Stop Mart - Krispy Krunchy Chicken,Virginia Beach,4.3,116,4.301724137931035,10,0.40000972335441415,-0.45999027664558584,True,declining,0.6,0.2,3.8
Boyd Dining Centre,Virginia Beach,3.0,8,3.0,1,-0.9998332110362822,-1.599833211036282,True,declining,0.0,1.0,1.0
Boyd Dining Centre,Virginia Beach,3.0,8,3.0,3,-0.3332431807004855,-0.9332431807004855,True,declining,0.3333333333333333,0.6666666666666666,2.0
Boyd Dining Centre,Virginia Beach,3.0,8,3.0,5,-0.19992410089543414,-0.7999241008954341,True,declining,0.4,0.6,2.4
Boyd Dining Centre,Virginia Beach,3.0,8,3.0,7,8.623843573435455e-05,-0.5999137615642656,True,declining,0.42857142857142855,0.42857142857142855,2.7142857142857144
Burger King (Newtown Rd),Virginia Beach,3.2,150,3.013333333333333,1,0.9999415569990733,0.35994155699907326,True,improving,1.0,0.0,5.0
Burger King (Newtown Rd),Virginia Beach,3.2,150,3.013333333333333,3,0.9999415569990733,0.35994155699907326,True,improving,1.0,0.0,5.0
Burger King (Newtown Rd),Virginia Beach,3.2,150,3.013333333333333,5,0.9999417140431085,0.3599417140431085,True,improving,1.0,0.0,4.8
Burger King (Newtown Rd),Virginia Beach,3.2,150,3.013333333333333,7,0.7142814871021106,0.07428148710211058,False,stable,0.8571428571428571,0.14285714285714285,4.428571428571429
Burger King (Newtown Rd),Virginia Beach,3.2,150,3.013333333333333,10,0.500018863851571,-0.139981136148429,False,declining,0.7,0.2,3.9
Burger King (Princess Anne Rd),Virginia Beach,3.5,150,3.54,1,7.069135938453529e-05,-0.6999293086406154,True,declining,0.0,0.0,3.0
Burger King (Princess Anne Rd),Virginia Beach,3.5,150,3.54,3,0.6666559102426072,-0.03334408975739278,False,stable,0.6666666666666666,0.0,4.333333333333333
Burger King (Princess Anne Rd),Virginia Beach,3.5,150,3.54,5,0.40002540767251193,-0.299974592327488,True,declining,0.6,0.2,4.0
Burger King (Princess Anne Rd),Virginia Beach,3.5,150,3.54,7,0.28574855121318316,-0.4142514487868168,True,declining,0.5714285714285714,0.2857142857142857,3.5714285714285716
Burger King (Princess Anne Rd),Virginia Beach,3.5,150,3.54,10,0.3000299033438814,-0.39997009665611855,True,declining,0.6,0.3,3.6
California Pizza Kitchen,Virginia Beach,4.2,150,4.3933333333333335,1,0.9999352167880879,0.15993521678808786,False,improving,1.0,0.0,4.0
California Pizza Kitchen,Virginia Beach,4.2,150,4.3933333333333335,3,0.33334946714019137,-0.5066505328598088,True,declining,0.6666666666666666,0.3333333333333333,3.3333333333333335
California Pizza Kitchen,Virginia Beach,4.2,150,4.3933333333333335,5,0.40000450332041443,-0.43999549667958565,True,declining,0.6,0.2,3.4
California Pizza Kitchen,Virginia Beach,4.2,150,4.3933333333333335,7,0.5714171826523914,-0.2685828173476087,True,declining,0.7142857142857143,0.14285714285714285,3.857142857142857
California Pizza Kitchen,Virginia Beach,4.2,150,4.3933333333333335,10,0.699976577925433,-0.14002342207456708,False,declining,0.8,0.1,4.2
Captain D's,Norfolk,3.6,150,3.8733333333333335,1,4.045817622425811e-05,-0.7199595418237758,True,declining,0.0,0.0,3.0
Captain D's,Norfolk,3.6,150,3.8733333333333335,3,0.6666457585915309,-0.053354241408469116,False,stable,0.6666666666666666,0.0,4.333333333333333
Captain D's,Norfolk,3.6,150,3.8733333333333335,5,0.599985794701732,-0.120014205298268,False,declining,0.6,0.0,4.2
Captain D's,Norfolk,3.6,150,3.8733333333333335,7,0.7142608664852952,-0.005739133514704786,False,stable,0.7142857142857143,0.0,4.285714285714286
Captain D's,Norfolk,3.6,150,3.8733333333333335,10,0.799967067114736,0.079967067114736,False,stable,0.8,0.0,4.4
Charleys Cheesesteaks and Wings,Virginia Beach,3.5,40,3.05,1,-0.9998356105462416,-1.6998356105462415,True,declining,0.0,1.0,1.0
Charleys Cheesesteaks and Wings,Virginia Beach,3.5,40,3.05,3,-0.9998347083892535,-1.6998347083892535,True,declining,0.0,1.0,1.0
Charleys Cheesesteaks and Wings,Virginia Beach,3.5,40,3.05,5,-0.19992146151387846,-0.8999214615138784,True,declining,0.4,0.6,2.4
Charleys Cheesesteaks and Wings,Virginia Beach,3.5,40,3.05,7,-0.14277825380184903,-0.842778253801849,True,declining,0.42857142857142855,0.5714285714285714,2.7142857142857144
Charleys Cheesesteaks and Wings,Virginia Beach,3.5,40,3.05,10,6.113576407105193e-05,-0.6999388642359289,True,declining,0.5,0.5,3.0
Chick-fil-A,Virginia Beach,4.4,150,4.033333333333333,1,-0.9998355614927994,-1.8798355614927995,True,declining,0.0,1.0,1.0
Chick-fil-A,Virginia Beach,4.4,150,4.033333333333333,3,0.3333539892117277,-0.5466460107882725,True,declining,0.6666666666666666,0.3333333333333333,3.6666666666666665
Chick-fil-A,Virginia Beach,4.4,150,4.033333333333333,5,0.5999917570467103,-0.28000824295328985,True,declining,0.8,0.2,4.2
Chick-fil-A,Virginia Beach,4.4,150,4.033333333333333,7,0.7142651877659334,-0.16573481223406672,False,declining,0.8571428571428571,0.14285714285714285,4.428571428571429
Chick-fil-A,Virginia Beach,4.4,150,4.033333333333333,10,0.7999701540759088,-0.08002984592409135,False,stable,0.9,0.1,4.6
Chinatown restaurant,Virginia Beach,4.2,121,4.198347107438017,1,-0.9998305873690859,-1.839830587369086,True,declining,0.0,1.0,1.0
Chinatown restaurant,Virginia Beach,4.2,121,4.198347107438017,3,-0.333238380771037,-1.1732383807710371,True,declining,0.3333333333333333,0.6666666666666666,2.3333333333333335
Chinatown restaurant,Virginia Beach,4.2,121,4.198347107438017,5,-0.1999239012161484,-1.0399239012161485,True,declining,0.4,0.6,2.4
Chinatown restaurant,Virginia Beach,4.2,121,4.198347107438017,7,0.14289416017833476,-0.6971058398216653,True,declining,0.5714285714285714,0.42857142857142855,3.0
Chinatown restaurant,Virginia Beach,4.2,121,4.198347107438017,10,0.40001035139817515,-0.43998964860182493,True,declining,0.7,0.3,3.6
Costa Del Mar 2,Virginia Beach,4.0,107,4.009345794392523,1,-0.9998353860099294,-1.7998353860099294,True,declining,0.0,1.0,1.0
Costa Del Mar 2,Virginia Beach,4.0,107,4.009345794392523,3,-0.33324200781322894,-1.133242007813229,True,declining,0.3333333333333333,0.6666666666666666,2.0
Costa Del Mar 2,Virginia Beach,4.0,107,4.009345794392523,5,-0.1999226226194478,-0.9999226226194479,True,declining,0.4,0.6,2.4
Costa Del Mar 2,Virginia Beach,4.0,107,4.009345794392523,7,-0.14278572007917975,-0.9427857200791798,True,declining,0.42857142857142855,0.5714285714285714,2.5714285714285716
Costa Del Mar 2,Virginia Beach,4.0,107,4.009345794392523,10,5.615258804465561e-05,-0.7999438474119553,True,declining,0.5,0.5,2.9
Cypress Point Country Club,Virginia Beach,4.3,150,4.193333333333333,1,0.9999481933299983,0.1399481933299983,False,improving,1.0,0.0,5.0
Cypress Point Country Club,Virginia Beach,4.3,150,4.193333333333333,3,0.33335455512764617,-0.5266454448723539,True,declining,0.6666666666666666,0.3333333333333333,4.0
Cypress Point Country Club,Virginia Beach,4.3,150,4.193333333333333,5,0.2000358041724329,-0.659964195827567,True,declining,0.6,0.4,3.6
Cypress Point Country Club,Virginia Beach,4.3,150,4.193333333333333,7,0.4285799289290276,-0.4314200710709724,True,declining,0.7142857142857143,0.2857142857142857,3.857142857142857
Cypress Point Country Club,Virginia Beach,4.3,150,4.193333333333333,10,0.5999904170218503,-0.2600095829781497,True,declining,0.8,0.2,4.2
Denny's,Norfolk,3.4,150,3.54,1,-0.9997914960779426,-1.6797914960779425,True,declining,0.0,1.0,2.0
Denny's,Norfolk,3.4,150,3.54,3,0.3333685319368213,-0.3466314680631786,True,declining,0.6666666666666666,0.3333333333333333,4.0
Denny's,Norfolk,3.4,150,3.54,5,0.20004322790911955,-0.4799567720908804,True,declining,0.6,0.4,3.6
Denny's,Norfolk,3.4,150,3.54,7,0.14290381189724735,-0.5370961881027526,True,declining,0.5714285714285714,0.42857142857142855,3.2857142857142856
Denny's,Norfolk,3.4,150,3.54,10,-0.09992602860959397,-0.7799260286095939,True,declining,0.4,0.5,2.8
Domino's Pizza,Virginia Beach,3.0,150,1.8533333333333333,1,-0.9998355403622056,-1.5998355403622055,True,declining,0.0,1.0,1.0
Domino's Pizza,Virginia Beach,3.0,150,1.8533333333333333,3,-0.9998363386574992,-1.5998363386574992,True,declining,0.0,1.0,1.0
Domino's Pizza,Virginia Beach,3.0,150,1.8533333333333333,5,-0.3998563917377981,-0.9998563917377981,True,declining,0.2,0.6,2.2
Domino's Pizza,Virginia Beach,3.0,150,1.8533333333333333,7,-0.571277763424851,-1.171277763424851,True,declining,0.14285714285714285,0.7142857142857143,1.8571428571428572
Domino's Pizza,Virginia Beach,3.0,150,1.8533333333333333,10,-0.6998443555773864,-1.2998443555773864,True,declining,0.1,0.8,1.6
El Rodeo Mexican Restaurant,Norfolk,4.5,150,4.453333333333333,1,0.9999490653411408,0.09994906534114079,False,stable,1.0,0.0,5.0
El Rodeo Mexican Restaurant,Norfolk,4.5,150,4.453333333333333,3,0.9999378853191483,0.09993788531914827,False,stable,1.0,0.0,4.666666666666667
El Rodeo Mexican Restaurant,Norfolk,4.5,150,4.453333333333333,5,0.5999854632750135,-0.30001453672498657,True,declining,0.8,0.2,4.0
El Rodeo Mexican Restaurant,Norfolk,4.5,150,4.453333333333333,7,0.7142562131786213,-0.1857437868213787,False,declining,0.8571428571428571,0.14285714285714285,4.142857142857143
El Rodeo Mexican Restaurant,Norfolk,4.5,150,4.453333333333333,10,0.7999640306021889,-0.10003596939781112,False,declining,0.9,0.1,4.4
Fu Hing Restaurant,Virginia Beach,4.0,150,3.6933333333333334,1,0.9999484087991841,0.19994840879918407,False,improving,1.0,0.0,5.0
Fu Hing Restaurant,Virginia Beach,4.0,150,3.6933333333333334,3,0.3333524779900645,-0.46664752200993553,True,declining,0.6666666666666666,0.3333333333333333,3.3333333333333335
Fu Hing Restaurant,Virginia Beach,4.0,150,3.6933333333333334,5,0.5999908503137124,-0.2000091496862877,True,declining,0.8,0.2,4.0
Fu Hing Restaurant,Virginia Beach,4.0,150,3.6933333333333334,7,0.7142640862192119,-0.08573591378078815,False,stable,0.8571428571428571,0.14285714285714285,4.142857142857143
Fu Hing Restaurant,Virginia Beach,4.0,150,3.6933333333333334,10,0.5999905787050439,-0.20000942129495614,True,declining,0.8,0.2,3.9
Fujian,Norfolk,3.6,150,3.8133333333333335,1,-0.9998355886694619,-1.7198355886694618,True,declining,0.0,1.0,1.0
Fujian,Norfolk,3.6,150,3.8133333333333335,3,0.3333537429763021,-0.38664625702369787,True,declining,0.6666666666666666,0.3333333333333333,3.6666666666666665
Fujian,Norfolk,3.6,150,3.8133333333333335,5,0.599991746211981,-0.12000825378801894,False,declining,0.8,0.2,4.2
Fujian,Norfolk,3.6,150,3.8133333333333335,7,0.7142650783797534,-0.00573492162024658,False,stable,0.8571428571428571,0.14285714285714285,4.428571428571429
Fujian,Norfolk,3.6,150,3.8133333333333335,10,0.4000128380685003,-0.3199871619314997,True,declining,0.7,0.3,3.8
Golden City,Virginia Beach,3.8,150,3.7666666666666666,1,0.9999479497308799,0.23994794973087985,False,improving,1.0,0.0,5.0
Golden City,Virginia Beach,3.8,150,3.7666666666666666,3,0.9999484929529542,0.23994849295295417,False,improving,1.0,0.0,5.0
Golden City,Virginia Beach,3.8,150,3.7666666666666666,5,0.599991655422361,-0.16000834457763902,False,declining,0.8,0.2,4.2
Golden City,Virginia Beach,3.8,150,3.7666666666666666,7,0.714264815264183,-0.04573518473581706,False,stable,0.8571428571428571,0.14285714285714285,4.285714285714286
Golden City,Virginia Beach,3.8,150,3.7666666666666666,10,0.5999915851480998,-0.1600084148519002,True,declining,0.8,0.2,4.1
Hong Kong House,Virginia Beach,4.2,66,4.2272727272727275,1,0.9999484087991841,0.15994840879918404,False,improving,1.0,0.0,5.0
Hong Kong House,Virginia Beach,4.2,66,4.2272727272727275,3,0.9999486369767278,0.15994863697672768,False,improving,1.0,0.0,5.0
Hong Kong House,Virginia Beach,4.2,66,4.2272727272727275,5,0.5999925379695549,-0.2400074620304452,True,declining,0.8,0.2,4.4
Hong Kong House,Virginia Beach,4.2,66,4.2272727272727275,7,0.7142657106151439,-0.1257342893848562,False,declining,0.8571428571428571,0.14285714285714285,4.571428571428571
Hong Kong House,Virginia Beach,4.2,66,4.2272727272727275,10,0.5999921285554777,-0.2400078714445224,True,declining,0.8,0.2,4.4
Ibis Cuisine Restaurant,Virginia Beach,4.3,4,4.25,1,0.9999486725140905,0.1399486725140905,False,improving,1.0,0.0,5.0
Ibis Cuisine Restaurant,Virginia Beach,4.3,4,4.25,3,0.9999484712696018,0.13994847126960186,False,improving,1.0,0.0,5.0
Interlude At Westin Downtown Restaurant,Virginia Beach,4.1,50,4.1,1,0.9999476944793926,0.17994769447939263,False,improving,1.0,0.0,4.0
Interlude At Westin Downtown Restaurant,Virginia Beach,4.1,50,4.1,3,0.3333543888441109,-0.48664561115588906,True,declining,0.6666666666666666,0.3333333333333333,3.3333333333333335
Interlude At Westin Downtown Restaurant,Virginia Beach,4.1,50,4.1,5,0.5999914020077115,-0.22000859799228845,True,declining,0.8,0.2,3.8
Interlude At Westin Downtown Restaurant,Virginia Beach,4.1,50,4.1,7,0.7142648325195609,-0.1057351674804391,False,declining,0.8571428571428571,0.14285714285714285,4.142857142857143
Interlude At Westin Downtown Restaurant,Virginia Beach,4.1,50,4.1,10,0.5999919639411144,-0.22000803605888553,True,declining,0.8,0.2,4.1
Jade Villa Chinese Restaurant,Virginia Beach,4.3,150,4.1466666666666665,1,4.090315661122739e-05,-0.8599590968433888,True,declining,0.0,0.0,3.0
Jade Villa Chinese Restaurant,Virginia Beach,4.3,150,4.1466666666666665,3,0.6666459069183265,-0.1933540930816735,False,declining,0.6666666666666666,0.0,4.333333333333333
Jade Villa Chinese Restaurant,Virginia Beach,4.3,150,4.1466666666666665,5,0.7999606166069619,-0.06003938339303805,False,stable,0.8,0.0,4.2
Jade Villa Chinese Restaurant,Virginia Beach,4.3,150,4.1466666666666665,7,0.8570974732314497,-0.0029025267685502953,False,stable,0.8571428571428571,0.0,4.285714285714286
Jade Villa Chinese Restaurant,Virginia Beach,4.3,150,4.1466666666666665,10,0.7999620652873016,-0.06003793471269836,False,stable,0.8,0.0,4.3
Lumpia Lane Food Truck,Virginia Beach,5.0,4,5.0,1,0.9999476341766957,-5.2365823304256764e-05,False,stable,1.0,0.0,5.0
Lumpia Lane Food Truck,Virginia Beach,5.0,4,5.0,3,0.9999469645234443,-5.3035476555662875e-05,False,stable,1.0,0.0,5.0
MP Island Café,Norfolk,4.1,150,4.126666666666667,1,0.9999479715600748,0.1799479715600748,False,improving,1.0,0.0,5.0
MP Island Café,Norfolk,4.1,150,4.126666666666667,3,0.3333541417989023,-0.4866458582010976,True,declining,0.6666666666666666,0.3333333333333333,3.6666666666666665
MP Island Café,Norfolk,4.1,150,4.126666666666667,5,0.5999915486537917,-0.22000845134620828,True,declining,0.8,0.2,4.0
MP Island Café,Norfolk,4.1,150,4.126666666666667,7,0.7142647563305539,-0.10573524366944609,False,declining,0.8571428571428571,0.14285714285714285,4.285714285714286
MP Island Café,Norfolk,4.1,150,4.126666666666667,10,0.400013547682594,-0.41998645231740594,True,declining,0.7,0.3,3.7
Marco's Pizza,Virginia Beach,4.0,150,4.013333333333334,1,0.9999486830892224,0.1999486830892223,False,improving,1.0,0.0,5.0
Marco's Pizza,Virginia Beach,4.0,150,4.013333333333334,3,0.33335406429059306,-0.466645935709407,True,declining,0.6666666666666666,0.3333333333333333,3.6666666666666665
Marco's Pizza,Virginia Beach,4.0,150,4.013333333333334,5,0.2000345853412843,-0.5999654146587158,True,declining,0.6,0.4,3.4
Marco's Pizza,Virginia Beach,4.0,150,4.013333333333334,7,0.4285811904667745,-0.37141880953322554,True,declining,0.7142857142857143,0.2857142857142857,3.7142857142857144
Marco's Pizza,Virginia Beach,4.0,150,4.013333333333334,10,0.5000005461952333,-0.2999994538047668,True,declining,0.7,0.2,3.9
Mazari Kebab & More,Virginia Beach,4.5,150,4.486666666666666,1,0.9999481933299983,0.09994819332999827,False,stable,1.0,0.0,5.0
Mazari Kebab & More,Virginia Beach,4.5,150,4.486666666666666,3,0.9999487929999792,0.09994879299997916,False,stable,1.0,0.0,5.0
Mazari Kebab & More,Virginia Beach,4.5,150,4.486666666666666,5,0.9999488144885358,0.09994881448853576,False,stable,1.0,0.0,5.0
Mazari Kebab & More,Virginia Beach,4.5,150,4.486666666666666,7,0.9999487611733056,0.09994876117330553,False,stable,1.0,0.0,5.0
Mazari Kebab & More,Virginia Beach,4.5,150,4.486666666666666,10,0.9999452697027422,0.0999452697027422,False,stable,1.0,0.0,4.9
McDonald's (Bonney Rd),Virginia Beach,3.4,150,2.6266666666666665,1,-0.9998354600683266,-1.6798354600683265,True,declining,0.0,1.0,1.0
McDonald's (Bonney Rd),Virginia Beach,3.4,150,2.6266666666666665,3,-0.9998363415312351,-1.6798363415312352,True,declining,0.0,1.0,1.0
McDonald's (Bonney Rd),Virginia Beach,3.4,150,2.6266666666666665,5,-0.19992229909314457,-0.8799222990931446,True,declining,0.4,0.6,2.6
McDonald's (Bonney Rd),Virginia Beach,3.4,150,2.6266666666666665,7,-0.4284630667875319,-1.108463066787532,True,declining,0.2857142857142857,0.7142857142857143,2.2857142857142856
McDonald's (Bonney Rd),Virginia Beach,3.4,150,2.6266666666666665,10,-0.19991375113536164,-0.8799137511353616,True,declining,0.4,0.6,2.8
McDonald's (Newtown Rd),Norfolk,3.4,150,3.5,1,-0.9998379191497113,-1.6798379191497113,True,declining,0.0,1.0,1.0
McDonald's (Newtown Rd),Norfolk,3.4,150,3.5,3,-0.9998363637295841,-1.6798363637295841,True,declining,0.0,1.0,1.0
McDonald's (Newtown Rd),Norfolk,3.4,150,3.5,5,-0.7998429570896742,-1.4798429570896743,True,declining,0.0,0.8,1.6
McDonald's (Newtown Rd),Norfolk,3.4,150,3.5,7,-0.5713001571571862,-1.251300157157186,True,declining,0.14285714285714285,0.7142857142857143,2.0
McDonald's (Newtown Rd),Norfolk,3.4,150,3.5,10,-0.09992544776405052,-0.7799254477640505,True,declining,0.4,0.5,2.8
No.1 Yummy,Virginia Beach,4.3,150,4.266666666666667,1,0.9999486830892224,0.13994868308922237,False,improving,1.0,0.0,5.0
No.1 Yummy,Virginia Beach,4.3,150,4.266666666666667,3,0.333354096991984,-0.526645903008016,True,declining,0.6666666666666666,0.3333333333333333,3.6666666666666665
No.1 Yummy,Virginia Beach,4.3,150,4.266666666666667,5,0.4000063867913015,-0.45999361320869847,True,declining,0.6,0.2,3.6
No.1 Yummy,Virginia Beach,4.3,150,4.266666666666667,7,0.571415845178396,-0.28858415482160393,True,declining,0.7142857142857143,0.14285714285714285,3.857142857142857
No.1 Yummy,Virginia Beach,4.3,150,4.266666666666667,10,0.4999946600272088,-0.36000533997279116,True,declining,0.6,0.1,3.8
OMEGA BAR,Virginia Beach,4.3,150,4.166666666666667,1,-0.9998311926424835,-1.8598311926424835,True,declining,0.0,1.0,2.0
OMEGA BAR,Virginia Beach,4.3,150,4.166666666666667,3,4.78415984222219e-05,-0.8599521584015778,True,declining,0.3333333333333333,0.3333333333333333,3.0
OMEGA BAR,Virginia Beach,4.3,150,4.166666666666667,5,5.1341885550537646e-05,-0.8599486581144494,True,declining,0.4,0.4,3.0
OMEGA BAR,Virginia Beach,4.3,150,4.166666666666667,7,0.2857362181465887,-0.5742637818534113,True,declining,0.5714285714285714,0.2857142857142857,3.5714285714285716
OMEGA BAR,Virginia Beach,4.3,150,4.166666666666667,10,0.49999990007167455,-0.36000009992832543,True,declining,0.7,0.2,4.0
Pho 79,Virginia Beach,3.8,131,3.7786259541984735,1,0.9999484087991841,0.2399484087991841,False,improving,1.0,0.0,4.0
Pho 79,Virginia Beach,3.8,131,3.7786259541984735,3,0.9999484087991841,0.2399484087991841,False,improving,1.0,0.0,4.333333333333333
Pho 79,Virginia Beach,3.8,131,3.7786259541984735,5,0.9999485039563861,0.23994850395638612,True,improving,1.0,0.0,4.4
Pho 79,Virginia Beach,3.8,131,3.7786259541984735,7,0.9999485159529053,0.23994851595290534,True,improving,1.0,0.0,4.571428571428571
Pho 79,Virginia Beach,3.8,131,3.7786259541984735,10,0.7999705236626221,0.039970523662622104,False,stable,0.9,0.1,4.3
Pho VA (Formerly Phuong Lien Bakery),Virginia Beach,4.1,41,4.146341463414634,1,-0.999832801755298,-1.819832801755298,True,declining,0.0,1.0,1.0
Pho VA (Formerly Phuong Lien Bakery),Virginia Beach,4.1,41,4.146341463414634,3,-0.9998329317700786,-1.8198329317700785,True,declining,0.0,1.0,1.0
Pho VA (Formerly Phuong Lien Bakery),Virginia Beach,4.1,41,4.146341463414634,5,-0.19992034068427253,-1.0199203406842725,True,declining,0.4,0.6,2.6
Pho VA (Formerly Phuong Lien Bakery),Virginia Beach,4.1,41,4.146341463414634,7,0.1428994373587987,-0.6771005626412012,True,declining,0.5714285714285714,0.42857142857142855,3.2857142857142856
Pho VA (Formerly Phuong Lien Bakery),Virginia Beach,4.1,41,4.146341463414634,10,0.20003567517677348,-0.6199643248232265,True,declining,0.6,0.4,3.2
Phoenix Restaurant and Lounge,Virginia Beach,4.2,120,4.2,1,0.9999491203287985,0.15994912032879838,False,improving,1.0,0.0,5.0
Phoenix Restaurant and Lounge,Virginia Beach,4.2,120,4.2,3,0.9999363542674852,0.1599363542674851,False,improving,1.0,0.0,4.333333333333333
Phoenix Restaurant and Lounge,Virginia Beach,4.2,120,4.2,5,0.99994128579618,0.15994128579617994,False,improving,1.0,0.0,4.6
Phoenix Restaurant and Lounge,Virginia Beach,4.2,120,4.2,7,0.9999402409166767,0.15994024091667658,False,improving,1.0,0.0,4.571428571428571
Phoenix Restaurant and Lounge,Virginia Beach,4.2,120,4.2,10,0.8999522647959773,0.05995226479597726,False,stable,0.9,0.0,4.5
Pizza Hut,Virginia Beach,3.6,150,3.7333333333333334,1,0.9999484087991841,0.27994840879918415,True,improving,1.0,0.0,5.0
Pizza Hut,Virginia Beach,3.6,150,3.7333333333333334,3,5.2579774751633066e-05,-0.7199474202252484,True,declining,0.3333333333333333,0.3333333333333333,3.0
Pizza Hut,Virginia Beach,3.6,150,3.7333333333333334,5,0.4000109113845246,-0.31998908861547537,True,declining,0.6,0.2,3.8
Pizza Hut,Virginia Beach,3.6,150,3.7333333333333334,7,0.2857385363836465,-0.4342614636163535,True,declining,0.5714285714285714,0.2857142857142857,3.5714285714285716
Pizza Hut,Virginia Beach,3.6,150,3.7333333333333334,10,0.4000113244144134,-0.3199886755855866,True,declining,0.6,0.2,3.8
Q-Master Billiards,Virginia Beach,4.5,150,4.58,1,0.9999465626102388,0.09994656261023882,False,stable,1.0,0.0,5.0
Q-Master Billiards,Virginia Beach,4.5,150,4.58,3,0.9999482310975069,0.09994823109750683,False,stable,1.0,0.0,5.0
Q-Master Billiards,Virginia Beach,4.5,150,4.58,5,0.999948575792492,0.09994857579249194,False,stable,1.0,0.0,5.0
Q-Master Billiards,Virginia Beach,4.5,150,4.58,7,0.4285817243659241,-0.4714182756340759,True,declining,0.7142857142857143,0.2857142857142857,3.857142857142857
Q-Master Billiards,Virginia Beach,4.5,150,4.58,10,0.5999919376560207,-0.30000806234397936,True,declining,0.8,0.2,4.2
Sakura Japanese Restaurant,Virginia Beach,4.3,150,4.133333333333334,1,0.9999484087991841,0.13994840879918413,False,improving,1.0,0.0,5.0
Sakura Japanese Restaurant,Virginia Beach,4.3,150,4.133333333333334,3,5.2061989390264685e-05,-0.8599479380106098,True,declining,0.3333333333333333,0.3333333333333333,3.0
Sakura Japanese Restaurant,Virginia Beach,4.3,150,4.133333333333334,5,5.480827271895361e-05,-0.859945191727281,True,declining,0.4,0.4,3.0
Sakura Japanese Restaurant,Virginia Beach,4.3,150,4.133333333333334,7,-0.28562814434641026,-1.1456281443464102,True,declining,0.2857142857142857,0.5714285714285714,2.4285714285714284
Sakura Japanese Restaurant,Virginia Beach,4.3,150,4.133333333333334,10,0.1000434643647011,-0.7599565356352989,True,declining,0.5,0.4,3.1
Sal’s NY Slice Pizzeria,Virginia Beach,4.4,144,4.381944444444445,1,0.9999484087991841,0.119948408799184,False,improving,1.0,0.0,5.0
Sal’s NY Slice Pizzeria,Virginia Beach,4.4,144,4.381944444444445,3,0.9999482630528144,0.11994826305281425,False,improving,1.0,0.0,5.0
Sal’s NY Slice Pizzeria,Virginia Beach,4.4,144,4.381944444444445,5,0.9999483213513622,0.11994832135136213,False,improving,1.0,0.0,5.0
Sal’s NY Slice Pizzeria,Virginia Beach,4.4,144,4.381944444444445,7,0.9999484026007824,0.11994840260078232,False,improving,1.0,0.0,5.0
Sal’s NY Slice Pizzeria,Virginia Beach,4.4,144,4.381944444444445,10,0.9999434751687832,0.11994347516878312,False,improving,1.0,0.0,4.9
Shake Shack Virginia Beach,Virginia Beach,4.1,150,4.466666666666667,1,0.9999491203287985,0.1799491203287985,False,improving,1.0,0.0,5.0
Shake Shack Virginia Beach,Virginia Beach,4.1,150,4.466666666666667,3,0.9999488831522604,0.17994888315226043,False,improving,1.0,0.0,5.0
Shake Shack Virginia Beach,Virginia Beach,4.1,150,4.466666666666667,5,0.9999483022568896,0.17994830225688963,False,improving,1.0,0.0,4.8
Shake Shack Virginia Beach,Virginia Beach,4.1,150,4.466666666666667,7,0.7142652833339126,-0.10573471666608736,False,declining,0.8571428571428571,0.14285714285714285,4.285714285714286
Shake Shack Virginia Beach,Virginia Beach,4.1,150,4.466666666666667,10,0.7999702921264555,-0.02002970787354441,False,stable,0.9,0.1,4.5
Sonic Drive-In,Virginia Beach,3.5,150,3.1133333333333333,1,-0.9998377495446272,-1.6998377495446273,True,declining,0.0,1.0,1.0
Sonic Drive-In,Virginia Beach,3.5,150,3.1133333333333333,3,-0.3332407639826885,-1.0332407639826884,True,declining,0.3333333333333333,0.6666666666666666,2.3333333333333335
Sonic Drive-In,Virginia Beach,3.5,150,3.1133333333333333,5,-0.19992073423437337,-0.8999207342343734,True,declining,0.4,0.6,2.6
Sonic Drive-In,Virginia Beach,3.5,150,3.1133333333333333,7,-0.285624265324542,-0.985624265324542,True,declining,0.2857142857142857,0.5714285714285714,2.4285714285714284
Sonic Drive-In,Virginia Beach,3.5,150,3.1133333333333333,10,-0.09993042323159096,-0.7999304232315909,True,declining,0.4,0.5,2.7
Subway,Virginia Beach,4.0,150,4.02,1,0.9999484087991841,0.19994840879918407,False,improving,1.0,0.0,5.0
Subway,Virginia Beach,4.0,150,4.02,3,0.9999484087991841,0.19994840879918407,False,improving,1.0,0.0,5.0
Subway,Virginia Beach,4.0,150,4.02,5,0.9999485511051069,0.1999485511051069,False,improving,1.0,0.0,5.0
Subway,Virginia Beach,4.0,150,4.02,7,0.7142658107255694,-0.08573418927443066,False,stable,0.8571428571428571,0.14285714285714285,4.428571428571429
Subway,Virginia Beach,4.0,150,4.02,10,0.7999707580117809,-2.9241988219186332e-05,False,stable,0.9,0.1,4.6
Sunrise Pizza Restaurant,Virginia Beach,4.1,150,4.366666666666666,1,-0.9998354984567362,-1.8198354984567362,True,declining,0.0,1.0,1.0
Sunrise Pizza Restaurant,Virginia Beach,4.1,150,4.366666666666666,3,0.33335385547823493,-0.486646144521765,True,declining,0.6666666666666666,0.3333333333333333,3.6666666666666665
Sunrise Pizza Restaurant,Virginia Beach,4.1,150,4.366666666666666,5,0.5999917192502795,-0.22000828074972045,True,declining,0.8,0.2,4.2
Sunrise Pizza Restaurant,Virginia Beach,4.1,150,4.366666666666666,7,0.714264960883647,-0.10573503911635296,False,declining,0.8571428571428571,0.14285714285714285,4.428571428571429
Sunrise Pizza Restaurant,Virginia Beach,4.1,150,4.366666666666666,10,0.799969903757583,-0.020030096242416917,False,stable,0.9,0.1,4.5
Suphan Thai Cuisine,Virginia Beach,4.6,150,4.74,1,0.9999490653411408,0.07994906534114088,False,stable,1.0,0.0,5.0
Suphan Thai Cuisine,Virginia Beach,4.6,150,4.74,3,0.9999489195946275,0.07994891959462758,False,stable,1.0,0.0,5.0
Suphan Thai Cuisine,Virginia Beach,4.6,150,4.74,5,0.5999934235915363,-0.32000657640846364,True,declining,0.8,0.2,4.4
Suphan Thai Cuisine,Virginia Beach,4.6,150,4.74,7,0.7142664094840115,-0.20573359051598838,True,declining,0.8571428571428571,0.14285714285714285,4.571428571428571
Suphan Thai Cuisine,Virginia Beach,4.6,150,4.74,10,0.7999711289774843,-0.12002887102251558,False,declining,0.9,0.1,4.7
Taco Bell,Norfolk,3.7,150,3.14,1,-0.9998332110362822,-1.7398332110362822,True,declining,0.0,1.0,1.0
Taco Bell,Norfolk,3.7,150,3.14,3,0.3333545355206953,-0.40664546447930466,True,declining,0.6666666666666666,0.3333333333333333,3.6666666666666665
Taco Bell,Norfolk,3.7,150,3.14,5,0.20003888425250924,-0.5399611157474907,True,declining,0.6,0.4,3.6
Taco Bell,Norfolk,3.7,150,3.14,7,0.42858439216372624,-0.31141560783627376,True,declining,0.7142857142857143,0.2857142857142857,4.0
Taco Bell,Norfolk,3.7,150,3.14,10,6.0674432680674074e-05,-0.7399393255673193,True,declining,0.5,0.5,3.2
The Bistro - Eat. Drink. Connect.®,Virginia Beach,3.7,21,3.6666666666666665,1,-0.9998378650640504,-1.7398378650640502,True,declining,0.0,1.0,1.0
The Bistro - Eat. Drink. Connect.®,Virginia Beach,3.7,21,3.6666666666666665,3,-0.9998340895809387,-1.7398340895809388,True,declining,0.0,1.0,1.0
The Bistro - Eat. Drink. Connect.®,Virginia Beach,3.7,21,3.6666666666666665,5,-0.599878412212499,-1.339878412212499,True,declining,0.2,0.8,1.8
The Bistro - Eat. Drink. Connect.®,Virginia Beach,3.7,21,3.6666666666666665,7,-0.1427850972433195,-0.8827850972433195,True,declining,0.42857142857142855,0.5714285714285714,2.7142857142857144
The Bistro - Eat. Drink. Connect.®,Virginia Beach,3.7,21,3.6666666666666665,10,5.639593417519073e-05,-0.7399436040658248,True,declining,0.5,0.5,2.9
The Burger Den,Norfolk,3.2,10,3.2,1,-0.9998356105462416,-1.6398356105462417,True,declining,0.0,1.0,1.0
The Burger Den,Norfolk,3.2,10,3.2,3,-0.33324396025833186,-0.9732439602583318,True,declining,0.3333333333333333,0.6666666666666666,2.3333333333333335
The Burger Den,Norfolk,3.2,10,3.2,5,6.391181244462807e-05,-0.6399360881875554,True,declining,0.4,0.4,2.8
The Burger Den,Norfolk,3.2,10,3.2,7,6.141763125898172e-05,-0.639938582368741,True,declining,0.42857142857142855,0.42857142857142855,2.857142857142857
The Burger Den,Norfolk,3.2,10,3.2,10,0.10006262338492715,-0.5399373766150729,True,declining,0.5,0.4,3.2
The Frog Sports Bar & Grill,Virginia Beach,4.2,100,4.07,1,0.9999291851327372,0.15992918513273713,False,improving,1.0,0.0,4.0
The Frog Sports Bar & Grill,Virginia Beach,4.2,100,4.07,3,0.9999358550562499,0.15993585505624985,False,improving,1.0,0.0,4.333333333333333
The Frog Sports Bar & Grill,Virginia Beach,4.2,100,4.07,5,0.7999601859973327,-0.04003981400266743,False,stable,0.8,0.0,4.2
The Frog Sports Bar & Grill,Virginia Beach,4.2,100,4.07,7,0.7142557184104631,-0.125744281589537,False,declining,0.7142857142857143,0.0,4.142857142857143
The Frog Sports Bar & Grill,Virginia Beach,4.2,100,4.07,10,0.6999732155906735,-0.1400267844093266,False,declining,0.7,0.0,4.2
Thee Soulfood Kitchen,Norfolk,3.9,150,3.8466666666666667,1,0.9999474377916704,0.21994743779167036,False,improving,1.0,0.0,5.0
Thee Soulfood Kitchen,Norfolk,3.9,150,3.8466666666666667,3,0.33335367315630576,-0.44664632684369426,True,declining,0.6666666666666666,0.3333333333333333,3.6666666666666665
Thee Soulfood Kitchen,Norfolk,3.9,150,3.8466666666666667,5,0.20003411407347196,-0.5799658859265281,True,declining,0.6,0.4,3.6
Thee Soulfood Kitchen,Norfolk,3.9,150,3.8466666666666667,7,0.42858113263042075,-0.3514188673695793,True,declining,0.7142857142857143,0.2857142857142857,4.0
Thee Soulfood Kitchen,Norfolk,3.9,150,3.8466666666666667,10,0.40001317213931753,-0.3799868278606825,True,declining,0.7,0.3,4.0
This Old House Japanese Restaurant,Virginia Beach,4.7,100,4.67,1,0.9999486281016008,0.05994862810160073,False,stable,1.0,0.0,5.0
This Old House Japanese Restaurant,Virginia Beach,4.7,100,4.67,3,0.3333038874422896,-0.6066961125577104,True,declining,0.6666666666666666,0.3333333333333333,3.6666666666666665
This Old House Japanese Restaurant,Virginia Beach,4.7,100,4.67,5,0.5999618711539221,-0.340038128846078,True,declining,0.8,0.2,4.2
This Old House Japanese Restaurant,Virginia Beach,4.7,100,4.67,7,0.7142435924255205,-0.22575640757447957,True,declining,0.8571428571428571,0.14285714285714285,4.428571428571429
This Old House Japanese Restaurant,Virginia Beach,4.7,100,4.67,10,0.7999551960317441,-0.14004480396825592,False,declining,0.9,0.1,4.6
Topgolf Virginia Beach,Virginia Beach,4.5,150,4.266666666666667,1,-0.999833599043762,-1.899833599043762,True,declining,0.0,1.0,1.0
Topgolf Virginia Beach,Virginia Beach,4.5,150,4.266666666666667,3,0.33335486220872573,-0.5666451377912742,True,declining,0.6666666666666666,0.3333333333333333,3.6666666666666665
Topgolf Virginia Beach,Virginia Beach,4.5,150,4.266666666666667,5,0.5999924780088396,-0.30000752199116043,True,declining,0.8,0.2,4.2
Topgolf Virginia Beach,Virginia Beach,4.5,150,4.266666666666667,7,0.7142604336604231,-0.1857395663395769,False,declining,0.8571428571428571,0.14285714285714285,4.285714285714286
Topgolf Virginia Beach,Virginia Beach,4.5,150,4.266666666666667,10,0.7999669849394502,-0.10003301506054985,False,declining,0.9,0.1,4.5
Touch of Da South,Virginia Beach,3.2,5,3.2,1,-0.9998311926424835,-1.6398311926424836,True,declining,0.0,1.0,1.0
Touch of Da South,Virginia Beach,3.2,5,3.2,3,0.3333502697475466,-0.3066497302524534,True,declining,0.6666666666666666,0.3333333333333333,3.6666666666666665
Touch of Da South,Virginia Beach,3.2,5,3.2,5,0.20003138222863664,-0.43996861777136337,True,declining,0.6,0.4,3.2
Town Center Cold Pressed - Virginia Beach Town Center,Virginia Beach,4.5,150,4.746666666666667,1,0.9999486281016008,0.09994862810160077,False,stable,1.0,0.0,5.0
Town Center Cold Pressed - Virginia Beach Town Center,Virginia Beach,4.5,150,4.746666666666667,3,0.999936631784049,0.09993663178404899,False,stable,1.0,0.0,4.666666666666667
Town Center Cold Pressed - Virginia Beach Town Center,Virginia Beach,4.5,150,4.746666666666667,5,0.9999415287565021,0.09994152875650208,False,stable,1.0,0.0,4.8
Town Center Cold Pressed - Virginia Beach Town Center,Virginia Beach,4.5,150,4.746666666666667,7,0.999943626297145,0.09994362629714493,False,stable,1.0,0.0,4.857142857142857
Town Center Cold Pressed - Virginia Beach Town Center,Virginia Beach,4.5,150,4.746666666666667,10,0.7999539863176344,-0.10004601368236565,False,declining,0.8,0.0,4.5
Tribal Axe,Virginia Beach,4.8,60,4.8,1,0.9999486830892224,0.03994868308922239,False,stable,1.0,0.0,5.0
Tribal Axe,Virginia Beach,4.8,60,4.8,3,0.9999486647600152,0.03994866476001524,False,stable,1.0,0.0,5.0
Tribal Axe,Virginia Beach,4.8,60,4.8,5,0.9999485627772003,0.03994856277720038,False,stable,1.0,0.0,5.0
Tribal Axe,Virginia Beach,4.8,60,4.8,7,0.9999487142222773,0.039948714222277304,False,stable,1.0,0.0,5.0
Tribal Axe,Virginia Beach,4.8,60,4.8,10,0.9999333706808284,0.03993337068082847,False,stable,1.0,0.0,4.9
"Volcano Sushi, Grill, Bar& karaoke (Town Center)",Virginia Beach,4.0,150,3.86,1,0.9999484087991841,0.19994840879918407,False,improving,1.0,0.0,5.0
"Volcano Sushi, Grill, Bar& karaoke (Town Center)",Virginia Beach,4.0,150,3.86,3,0.3333530347085318,-0.46664696529146826,True,declining,0.6666666666666666,0.3333333333333333,3.6666666666666665
"Volcano Sushi, Grill, Bar& karaoke (Town Center)",Virginia Beach,4.0,150,3.86,5,0.20003397903076037,-0.5999660209692397,True,declining,0.6,0.4,3.6
"Volcano Sushi, Grill, Bar& karaoke (Town Center)",Virginia Beach,4.0,150,3.86,7,0.4285809644712513,-0.3714190355287487,True,declining,0.7142857142857143,0.2857142857142857,4.0
"Volcano Sushi, Grill, Bar& karaoke (Town Center)",Virginia Beach,4.0,150,3.86,10,0.3000217673968665,-0.49997823260313357,True,declining,0.6,0.3,3.8
Waffle House,Virginia Beach,4.1,150,4.02,1,-0.9998355403622056,-1.8198355403622055,True,declining,0.0,1.0,1.0
Waffle House,Virginia Beach,4.1,150,4.02,3,-0.3332400898851262,-1.1532400898851263,True,declining,0.3333333333333333,0.6666666666666666,2.3333333333333335
Waffle House,Virginia Beach,4.1,150,4.02,5,0.20003530958859791,-0.619964690411402,True,declining,0.6,0.4,3.4
Waffle House,Virginia Beach,4.1,150,4.02,7,0.42858175710462615,-0.3914182428953738,True,declining,0.7142857142857143,0.2857142857142857,3.857142857142857
Waffle House,Virginia Beach,4.1,150,4.02,10,0.4000104734010451,-0.41998952659895483,True,declining,0.6,0.2,3.7
Wawa,Norfolk,3.0,150,2.9133333333333336,1,-0.9998371775533798,-1.5998371775533797,True,declining,0.0,1.0,1.0
Wawa,Norfolk,3.0,150,2.9133333333333336,3,0.3333458131881175,-0.26665418681188247,True,declining,0.6666666666666666,0.3333333333333333,3.3333333333333335
Wawa,Norfolk,3.0,150,2.9133333333333336,5,0.5999824887676073,-1.751123239268626e-05,False,stable,0.8,0.2,3.8
Wawa,Norfolk,3.0,150,2.9133333333333336,7,0.7142555727483819,0.11425557274838194,False,improving,0.8571428571428571,0.14285714285714285,4.142857142857143
Wawa,Norfolk,3.0,150,2.9133333333333336,10,0.40000561615860486,-0.19999438384139512,True,declining,0.7,0.3,3.6
Wendy's,Norfolk,3.2,150,2.54,1,0.9999415569990733,0.35994155699907326,True,improving,1.0,0.0,5.0
Wendy's,Norfolk,3.2,150,2.54,3,-0.3332437273490353,-0.9732437273490353,True,declining,0.3333333333333333,0.6666666666666666,2.3333333333333335
Wendy's,Norfolk,3.2,150,2.54,5,-0.5998528906238716,-1.2398528906238715,True,declining,0.2,0.8,2.0
Wendy's,Norfolk,3.2,150,2.54,7,-0.28560185904030566,-0.9256018590403057,True,declining,0.2857142857142857,0.5714285714285714,2.5714285714285716
Wendy's,Norfolk,3.2,150,2.54,10,-0.0999165492058596,-0.7399165492058596,True,declining,0.4,0.5,2.9
Wingstop,Virginia Beach,3.4,150,2.993333333333333,1,0.9999491203287985,0.3199491203287985,True,improving,1.0,0.0,5.0
Wingstop,Virginia Beach,3.4,150,2.993333333333333,3,0.3333545111674436,-0.34664548883255636,True,declining,0.6666666666666666,0.3333333333333333,3.3333333333333335
Wingstop,Virginia Beach,3.4,150,2.993333333333333,5,0.5999921196787543,-0.08000788032124562,False,stable,0.8,0.2,4.0
Wingstop,Virginia Beach,3.4,150,2.993333333333333,7,0.7142653843260255,0.03426538432602555,False,stable,0.8571428571428571,0.14285714285714285,4.142857142857143
Wingstop,Virginia Beach,3.4,150,2.993333333333333,10,0.20003517292511858,-0.47996482707488136,True,declining,0.6,0.4,3.2
